date,user_id,total_spend_inr,income_inr,spend_upi_inr,spend_gpay_inr,spend_credit_card_inr,spend_debit_card_inr,spend_wallet_inr,spend_netbanking_inr,spend_bank_transfer_inr,cash_balance_est_inr
2025-08-22,U001,1134.43,0.0,724.51,678.66,96.84,0.0,313.08,0.0,0.0,-1134.43
2025-08-23,U001,2657.4,0.0,670.63,421.48,132.72,424.19,1429.86,0.0,0.0,-3791.83
2025-08-24,U001,1243.17,0.0,219.16,219.16,98.02,0.0,665.88,260.11,0.0,-5035.0
2025-08-25,U001,1639.57,0.0,1069.07,748.08,128.37,0.0,0.0,442.13,0.0,-6674.57
2025-08-26,U001,2170.29,0.0,0.0,0.0,987.88,0.0,1025.98,156.43,0.0,-8844.86
2025-08-27,U001,1515.96,0.0,476.54,332.08,679.1,165.29,0.0,195.03,0.0,-10360.82
2025-08-28,U001,1217.3,0.0,496.11,496.11,89.16,0.0,543.07,88.96,0.0,-11578.12
2025-08-29,U001,1062.48,0.0,491.21,301.93,0.0,6.91,501.2,63.16,0.0,-12640.6
2025-08-30,U001,3104.77,0.0,864.01,864.01,791.03,0.0,42.74,1406.99,0.0,-15745.37
2025-08-31,U001,2395.29,45000.0,1189.44,0.0,0.0,0.0,882.0,323.85,0.0,26859.34
2025-09-01,U001,1282.7,0.0,345.86,345.86,370.12,347.35,219.37,0.0,0.0,25576.64
2025-09-02,U001,1528.4,0.0,476.75,144.59,0.0,426.7,624.95,0.0,0.0,24048.24
2025-09-03,U001,1327.37,0.0,0.0,0.0,120.78,123.65,923.62,159.32,0.0,22720.87
2025-09-04,U001,2603.96,0.0,598.74,0.0,132.83,0.0,1872.39,0.0,0.0,20116.91
2025-09-05,U001,13934.48,0.0,983.4,774.39,278.1,12000.0,672.98,0.0,0.0,6182.43
2025-09-06,U001,4095.08,0.0,1079.87,0.0,1225.62,1276.5,77.37,435.72,0.0,2087.35
2025-09-07,U001,927.24,0.0,56.42,56.42,196.47,0.0,314.08,360.27,0.0,1160.11
2025-09-08,U001,1740.17,0.0,665.63,0.0,0.0,0.0,856.69,217.85,0.0,-580.06
2025-09-09,U001,1462.94,0.0,290.01,290.01,455.45,0.0,295.55,421.93,0.0,-2043.0
2025-09-10,U001,1022.08,0.0,773.16,542.66,54.33,0.0,0.0,194.59,0.0,-3065.08
2025-09-11,U001,1364.11,0.0,470.9,0.0,0.0,351.75,373.3,168.16,0.0,-4429.19
2025-09-12,U001,1357.64,0.0,658.16,316.22,306.97,0.0,10.43,382.08,0.0,-5786.83
2025-09-13,U001,2553.85,0.0,0.0,0.0,836.54,0.0,1444.6,272.71,0.0,-8340.68
2025-09-14,U001,1880.91,0.0,183.7,183.7,220.78,0.0,662.2,814.23,0.0,-10221.59
2025-09-15,U001,650.98,0.0,104.41,68.98,80.49,0.0,139.02,327.06,0.0,-10872.57
2025-09-16,U001,1633.68,0.0,568.35,340.22,0.0,0.0,609.7,455.63,0.0,-12506.25
2025-09-17,U001,1881.16,0.0,9.93,9.93,923.6,0.0,287.07,660.56,0.0,-14387.41
2025-09-18,U001,741.57,0.0,130.38,130.38,375.55,0.0,0.0,235.64,0.0,-15128.98
2025-09-19,U001,1987.31,0.0,275.39,275.39,613.16,113.58,828.97,156.21,0.0,-17116.29
2025-09-20,U001,2820.64,0.0,96.81,0.0,190.38,1027.97,965.48,540.0,0.0,-19936.93
2025-09-21,U001,1971.91,0.0,482.4,482.4,0.0,0.0,257.63,1231.88,0.0,-21908.84
2025-09-22,U001,1457.04,0.0,553.19,553.19,538.83,0.0,281.62,83.4,0.0,-23365.88
2025-09-23,U001,1357.62,0.0,55.32,55.32,387.26,512.41,2.25,400.38,0.0,-24723.5
2025-09-24,U001,1626.18,0.0,151.99,151.99,0.0,0.0,1244.36,229.83,0.0,-26349.68
2025-09-25,U001,742.2,0.0,110.34,110.34,0.0,162.22,172.38,297.26,0.0,-27091.88
2025-09-26,U001,1396.96,0.0,236.7,0.0,494.66,61.99,485.54,118.07,0.0,-28488.84
2025-09-27,U001,3857.44,0.0,205.31,0.0,456.31,383.15,684.0,2128.67,0.0,-32346.28
2025-09-28,U001,1537.2,0.0,857.55,612.0,0.0,342.02,337.63,0.0,0.0,-33883.48
2025-09-29,U001,1343.62,0.0,483.02,483.02,384.01,0.0,476.59,0.0,0.0,-35227.1
2025-09-30,U001,1672.03,45000.0,0.0,0.0,575.98,284.07,0.0,811.98,0.0,8100.87
2025-10-01,U001,1746.37,0.0,0.0,0.0,0.0,407.31,1103.9,235.16,0.0,6354.5
2025-10-02,U001,1437.46,0.0,652.8,0.0,230.42,0.0,223.08,331.16,0.0,4917.04
2025-10-03,U001,1733.88,0.0,443.42,443.42,90.29,0.0,0.0,1200.17,0.0,3183.16
2025-10-04,U001,2947.6,0.0,594.01,0.0,1004.11,0.0,417.56,931.92,0.0,235.56
2025-10-05,U001,14087.33,0.0,1032.57,219.2,889.64,8.54,85.12,12071.46,0.0,-13851.77
2025-10-06,U001,1985.37,0.0,1135.43,526.78,849.94,0.0,0.0,0.0,0.0,-15837.14
2025-10-07,U001,1144.1,0.0,863.64,401.26,0.0,0.0,183.55,96.91,0.0,-16981.24
2025-10-08,U001,2149.05,0.0,1331.77,0.0,220.12,109.52,0.0,487.64,0.0,-19130.29
2025-10-09,U001,1431.77,0.0,0.0,0.0,539.58,0.0,216.33,675.86,0.0,-20562.06
2025-10-10,U001,2073.5,0.0,560.29,560.29,172.03,0.0,253.02,1088.16,0.0,-22635.56
2025-10-11,U001,4424.14,0.0,887.83,0.0,2215.08,72.73,159.0,1089.5,0.0,-27059.7
2025-10-12,U001,2025.44,0.0,0.0,0.0,0.0,984.39,41.74,999.31,0.0,-29085.14
2025-10-13,U001,2011.58,0.0,487.21,443.61,0.0,749.59,600.58,174.2,0.0,-31096.72
2025-10-14,U001,2185.11,0.0,990.43,210.32,0.0,0.0,321.12,873.56,0.0,-33281.83
2025-10-15,U001,1934.93,0.0,0.0,0.0,290.44,0.0,656.83,987.66,0.0,-35216.76
2025-10-16,U001,2270.16,0.0,360.48,57.48,879.62,532.34,159.19,338.53,0.0,-37486.92
2025-10-17,U001,2655.36,0.0,455.18,455.18,593.37,0.0,633.35,973.46,0.0,-40142.28
2025-10-18,U001,2336.39,0.0,357.88,357.88,248.04,0.0,1277.8,452.67,0.0,-42478.67
2025-10-19,U001,1857.54,0.0,292.12,86.38,530.64,0.0,849.39,185.39,0.0,-44336.21
2025-10-20,U001,2633.33,0.0,522.92,400.53,968.17,0.0,1058.09,84.15,0.0,-46969.54
2025-10-21,U001,1988.99,0.0,0.0,0.0,0.0,99.9,1098.34,790.75,0.0,-48958.53
2025-10-22,U001,1663.87,0.0,922.14,922.14,0.0,251.85,0.0,489.88,0.0,-50622.4
2025-10-23,U001,2116.74,0.0,120.68,120.68,0.0,219.28,630.98,1145.8,0.0,-52739.14
2025-10-24,U001,1121.9,0.0,576.44,185.77,340.74,0.0,20.02,184.7,0.0,-53861.04
2025-10-25,U001,1327.28,0.0,0.0,0.0,260.27,33.2,483.08,550.73,0.0,-55188.32
2025-10-26,U001,2167.91,0.0,734.12,102.32,630.32,169.35,634.12,0.0,0.0,-57356.23
2025-10-27,U001,1209.25,0.0,617.07,365.18,0.0,0.0,135.21,456.97,0.0,-58565.48
2025-10-28,U001,1491.24,0.0,151.4,151.4,668.87,0.0,0.0,670.97,0.0,-60056.72
2025-10-29,U001,1381.07,0.0,183.99,183.99,8.57,0.0,0.0,1188.51,0.0,-61437.79
2025-10-30,U001,2823.0,0.0,0.0,0.0,1329.28,0.0,1145.98,347.74,0.0,-64260.79
2025-10-31,U001,1851.56,45000.0,189.31,0.0,1193.99,0.0,468.26,0.0,0.0,-21112.35
2025-11-01,U001,4710.2,0.0,2431.32,1302.97,0.0,0.0,93.16,2185.72,0.0,-25822.55
2025-11-02,U001,2372.99,0.0,385.77,0.0,297.77,0.0,234.12,1455.33,0.0,-28195.54
2025-11-03,U001,2668.18,0.0,444.84,0.0,745.5,0.0,874.11,603.73,0.0,-30863.72
2025-11-04,U001,2167.04,0.0,1047.92,236.42,111.59,0.0,270.42,737.11,0.0,-33030.76
2025-11-05,U001,14260.46,0.0,12134.6,12134.6,104.45,312.66,688.45,1020.3,0.0,-47291.22
2025-11-06,U001,1988.83,0.0,0.0,0.0,648.02,1002.19,338.62,0.0,0.0,-49280.05
2025-11-07,U001,2389.4,0.0,0.0,0.0,932.9,44.6,372.48,1039.42,0.0,-51669.45
2025-11-08,U001,4462.05,0.0,2875.43,1812.36,0.0,1455.1,131.52,0.0,0.0,-56131.5
2025-11-09,U001,3091.95,0.0,1565.03,0.0,0.0,246.88,1011.13,268.91,0.0,-59223.45
2025-11-10,U001,1976.87,0.0,534.85,534.85,0.0,201.43,300.75,939.84,0.0,-61200.32
2025-11-11,U001,2525.17,0.0,379.48,238.52,0.0,0.0,378.77,1766.92,0.0,-63725.49
2025-11-12,U001,1132.29,0.0,0.0,0.0,547.58,0.0,127.67,457.04,0.0,-64857.78
2025-11-13,U001,1340.47,0.0,27.38,0.0,0.0,185.74,461.07,666.28,0.0,-66198.25
2025-11-14,U001,1117.5,0.0,265.77,265.77,351.47,140.33,83.61,276.32,0.0,-67315.75
2025-11-15,U001,2542.89,0.0,712.4,338.75,272.18,0.0,246.35,1311.96,0.0,-69858.64
2025-11-16,U001,1528.92,0.0,428.49,208.9,0.0,0.0,488.43,612.0,0.0,-71387.56
2025-11-17,U001,1913.66,0.0,1179.74,1179.74,0.0,0.0,534.99,198.93,0.0,-73301.22
2025-11-18,U001,1776.86,0.0,0.0,0.0,0.0,626.63,846.62,303.61,0.0,-75078.08
2025-11-19,U001,1208.96,0.0,891.83,832.28,317.13,0.0,0.0,0.0,0.0,-76287.04
2025-11-20,U001,1068.6,0.0,644.21,491.84,0.0,83.1,341.29,0.0,0.0,-77355.64
2025-11-21,U001,1307.25,0.0,715.89,530.47,418.0,0.0,173.36,0.0,0.0,-78662.89
2025-11-22,U001,2327.16,0.0,196.23,196.23,927.08,0.0,0.0,1203.85,0.0,-80990.05
2025-11-23,U001,1601.84,0.0,973.14,0.0,0.0,0.0,100.93,527.77,0.0,-82591.89
2025-11-24,U001,1798.45,0.0,220.45,220.45,680.15,593.51,304.34,0.0,0.0,-84390.34
2025-11-25,U001,1614.95,0.0,317.84,0.0,393.66,76.92,318.8,507.73,0.0,-86005.29
2025-11-26,U001,1753.13,0.0,177.66,0.0,349.84,632.13,416.04,177.46,0.0,-87758.42
2025-11-27,U001,1135.01,0.0,883.73,0.0,4.61,0.0,210.53,36.14,0.0,-88893.43
2025-11-28,U001,1607.96,0.0,294.14,294.14,189.92,675.75,0.0,448.15,0.0,-90501.39
2025-11-29,U001,2930.43,0.0,1956.04,1149.92,164.42,0.0,607.92,202.05,0.0,-93431.82
2025-11-30,U001,1534.69,45000.0,0.0,0.0,0.0,0.0,838.08,696.61,0.0,-49966.51
2025-12-01,U001,1590.27,0.0,1003.18,469.96,0.0,198.94,388.15,0.0,0.0,-51556.78
2025-12-02,U001,1640.34,0.0,159.2,0.0,259.36,553.24,0.0,668.54,0.0,-53197.12
2025-12-03,U001,1949.36,0.0,229.24,0.0,318.34,670.31,594.48,136.99,0.0,-55146.48
2025-12-04,U001,1794.13,0.0,0.0,0.0,23.38,334.41,950.09,486.25,0.0,-56940.61
2025-12-05,U001,13901.03,0.0,12461.32,461.32,0.0,701.8,245.43,492.48,0.0,-70841.64
2025-12-06,U001,4219.17,0.0,2230.51,1653.92,272.9,958.35,0.0,757.41,0.0,-75060.81
2025-12-07,U001,1007.78,0.0,425.97,0.0,0.0,216.0,365.81,0.0,0.0,-76068.59
2025-12-08,U001,944.56,0.0,496.32,294.87,88.5,0.0,359.74,0.0,0.0,-77013.15
2025-12-09,U001,1529.94,0.0,218.45,11.14,288.94,426.84,318.69,277.02,0.0,-78543.09
2025-12-10,U001,2572.45,0.0,919.12,0.0,1067.01,0.0,274.29,312.03,0.0,-81115.54
2025-12-11,U001,2481.97,0.0,0.0,0.0,837.25,0.0,38.44,1606.28,0.0,-83597.51
2025-12-12,U001,2511.65,0.0,0.0,0.0,1035.32,0.0,755.06,721.27,0.0,-86109.16
2025-12-13,U001,4825.67,0.0,1745.27,1574.82,1968.15,0.0,321.55,790.7,0.0,-90934.83
2025-12-14,U001,5010.05,0.0,1541.57,509.46,1854.17,0.0,423.77,1190.54,0.0,-95944.88
2025-12-15,U001,2233.37,0.0,1545.69,471.15,0.0,261.21,142.24,284.23,0.0,-98178.25
2025-12-16,U001,3957.93,0.0,620.13,620.13,2994.19,0.0,343.61,0.0,0.0,-102136.18
2025-12-17,U001,3367.39,0.0,118.03,118.03,0.0,0.0,2847.09,402.27,0.0,-105503.57
2025-12-18,U001,3410.32,0.0,0.0,0.0,1834.01,0.0,1320.57,255.74,0.0,-108913.89
2025-12-19,U001,3127.13,0.0,1042.44,1042.44,649.26,0.0,1435.43,0.0,0.0,-112041.02
2025-12-20,U001,4319.37,0.0,2579.61,2406.14,0.0,0.0,613.69,1126.07,0.0,-116360.39
2025-12-21,U001,2947.24,0.0,0.0,0.0,252.5,622.76,299.51,1772.47,0.0,-119307.63
2025-12-22,U001,2568.8,0.0,1762.38,1762.38,275.84,0.0,530.58,0.0,0.0,-121876.43
2025-12-23,U001,1969.21,0.0,0.0,0.0,342.48,0.0,943.95,682.78,0.0,-123845.64
2025-12-24,U001,3994.44,0.0,1912.22,256.25,0.0,0.0,207.21,1875.01,0.0,-127840.08
2025-12-25,U001,1578.4,0.0,232.21,232.21,0.0,0.0,556.3,789.89,0.0,-129418.48
2025-12-26,U001,3299.37,0.0,838.88,838.88,0.0,0.0,383.85,2076.64,0.0,-132717.85
2025-12-27,U001,5647.04,0.0,1368.94,1368.94,4199.45,0.0,0.0,78.65,0.0,-138364.89
2025-12-28,U001,3875.12,0.0,534.12,60.99,2868.99,180.9,128.04,163.07,0.0,-142240.01
2025-12-29,U001,2365.94,0.0,341.91,0.0,0.0,0.0,1458.68,565.35,0.0,-144605.95
2025-12-30,U001,3519.41,0.0,249.14,249.14,1290.89,0.0,1789.18,190.2,0.0,-148125.36
2025-12-31,U001,3991.31,50000.0,788.83,788.83,129.89,0.0,1920.7,1151.89,0.0,-102116.67
2026-01-01,U001,2962.66,0.0,1215.53,596.79,742.6,0.0,0.0,1004.53,0.0,-105079.33
2026-01-02,U001,3022.33,0.0,701.93,337.84,498.37,0.0,0.0,1822.03,0.0,-108101.66
2026-01-03,U001,5756.27,0.0,875.84,137.84,1384.1,0.0,133.9,3362.43,0.0,-113857.93
2026-01-04,U001,3885.51,0.0,46.4,0.0,2334.59,190.02,1314.5,0.0,0.0,-117743.44
2026-01-05,U001,15308.67,0.0,522.9,522.9,12610.41,1570.75,350.83,253.78,0.0,-133052.11
2026-01-06,U001,1970.72,0.0,107.95,107.95,299.65,0.0,808.32,754.8,0.0,-135022.83
2026-01-07,U001,1586.47,0.0,0.0,0.0,823.98,0.0,762.49,0.0,0.0,-136609.3
2026-01-08,U001,1808.69,0.0,745.15,745.15,158.03,215.82,0.0,689.69,0.0,-138417.99
2026-01-09,U001,986.49,0.0,389.64,0.0,235.26,0.0,216.0,145.59,0.0,-139404.48
2026-01-10,U001,3154.13,0.0,707.17,324.64,737.94,104.26,571.37,1033.39,0.0,-142558.61
2026-01-11,U001,1484.06,0.0,149.34,0.0,532.41,0.0,586.41,215.9,0.0,-144042.67
2026-01-12,U001,1940.49,0.0,817.63,817.63,111.71,345.25,212.38,453.52,0.0,-145983.16
2026-01-13,U001,2363.43,0.0,392.68,100.54,0.0,430.3,727.7,812.75,0.0,-148346.59
2026-01-14,U001,1167.88,0.0,184.69,0.0,237.68,435.63,309.88,0.0,0.0,-149514.47
2026-01-15,U001,1740.57,0.0,672.96,672.96,0.0,132.15,571.61,363.85,0.0,-151255.04
2026-01-16,U001,1576.91,0.0,475.87,195.4,473.79,0.0,627.25,0.0,0.0,-152831.95
2026-01-17,U001,3115.3,0.0,334.66,334.66,266.4,0.0,1510.74,1003.5,0.0,-155947.25
2026-01-18,U001,1335.08,0.0,461.92,147.37,0.0,0.0,307.01,566.15,0.0,-157282.33
2026-01-19,U001,1573.74,0.0,276.41,276.41,78.76,0.0,129.4,1089.17,0.0,-158856.07
2026-01-20,U001,2009.14,0.0,504.46,504.46,319.98,748.57,0.0,436.13,0.0,-160865.21
2026-01-21,U001,1837.96,0.0,1088.57,539.25,0.0,0.0,0.0,749.39,0.0,-162703.17
2026-01-22,U001,1643.35,0.0,1220.58,551.43,0.0,183.08,0.0,239.69,0.0,-164346.52
2026-01-23,U001,784.35,0.0,267.12,71.17,0.0,0.0,250.29,266.94,0.0,-165130.87
2026-01-24,U001,3243.57,0.0,590.6,585.49,1450.25,0.0,1084.21,118.51,0.0,-168374.44
2026-01-25,U001,1493.05,0.0,31.99,31.99,430.26,0.0,582.87,447.93,0.0,-169867.49
2026-01-26,U001,1542.48,0.0,239.51,0.0,179.03,837.49,0.0,286.45,0.0,-171409.97
2026-01-27,U001,1124.21,0.0,305.09,204.01,0.0,465.88,322.61,30.63,0.0,-172534.18
2026-01-28,U001,2036.42,0.0,231.87,0.0,0.0,197.02,161.26,1446.27,0.0,-174570.6
2026-01-29,U001,1329.12,0.0,808.53,483.21,0.0,347.13,83.46,90.0,0.0,-175899.72
2026-01-30,U001,1556.87,0.0,0.0,0.0,217.41,628.15,368.28,343.03,0.0,-177456.59
2026-01-31,U001,2033.53,45000.0,538.79,337.19,172.62,0.0,148.24,1173.88,0.0,-134490.12
2026-02-01,U001,1633.71,0.0,0.0,0.0,684.49,0.0,31.5,917.72,0.0,-136123.83
2026-02-02,U001,1647.62,0.0,468.5,468.5,235.86,315.3,0.0,627.96,0.0,-137771.45
2026-02-03,U001,1322.01,0.0,133.02,73.24,994.91,0.0,194.08,0.0,0.0,-139093.46
2026-02-04,U001,1300.21,0.0,270.0,270.0,114.65,0.0,592.59,322.97,0.0,-140393.67
2026-02-05,U001,13499.61,0.0,295.27,295.27,0.0,0.0,12455.09,749.25,0.0,-153893.28
2026-02-06,U001,1663.51,0.0,405.73,0.0,542.16,0.0,76.76,638.86,0.0,-155556.79
2026-02-07,U001,3778.95,0.0,1896.8,1062.54,732.52,0.0,438.03,711.6,0.0,-159335.74
2026-02-08,U001,1870.6,0.0,0.0,0.0,209.73,0.0,949.16,711.71,0.0,-161206.34
2026-02-09,U001,1822.68,0.0,383.51,383.51,1180.52,0.0,258.65,0.0,0.0,-163029.02
2026-02-10,U001,1098.76,0.0,426.29,426.29,67.15,206.93,214.42,183.97,0.0,-164127.78
2026-02-11,U001,1471.35,0.0,719.58,719.58,240.29,18.88,492.6,0.0,0.0,-165599.13
2026-02-12,U001,1684.96,0.0,461.04,399.89,528.27,0.0,695.65,0.0,0.0,-167284.09
2026-02-13,U001,1611.56,0.0,286.13,286.13,231.96,246.41,0.0,847.06,0.0,-168895.65
2026-02-14,U001,3760.49,0.0,761.43,0.0,117.18,1895.4,0.0,986.48,0.0,-172656.14
2026-02-15,U001,1974.04,0.0,312.84,121.06,226.02,0.0,800.49,634.69,0.0,-174630.18
2026-02-16,U001,1075.64,0.0,72.69,72.69,700.62,0.0,302.33,0.0,0.0,-175705.82
2026-02-17,U001,1679.83,0.0,207.2,207.2,0.0,375.58,958.03,139.02,0.0,-177385.65
2026-02-18,U001,1585.88,0.0,303.71,0.0,390.95,0.0,344.01,547.21,0.0,-178971.53
2026-02-19,U001,1544.99,0.0,203.17,203.17,522.68,290.97,528.17,0.0,0.0,-180516.52
2026-02-20,U001,1610.97,0.0,342.23,342.23,416.11,690.0,83.3,79.33,0.0,-182127.49
2026-02-21,U001,4189.08,0.0,0.0,0.0,448.83,0.0,203.41,3536.84,0.0,-186316.57
2026-02-22,U001,1687.65,0.0,958.52,810.0,0.0,0.0,729.13,0.0,0.0,-188004.22
2025-08-22,U002,552.8,0.0,41.53,0.0,0.0,31.37,479.9,0.0,0.0,-552.8
2025-08-23,U002,525.79,0.0,0.0,0.0,0.0,389.41,64.75,71.63,0.0,-1078.59
2025-08-24,U002,1051.77,0.0,226.43,0.0,718.01,0.0,0.0,107.33,0.0,-2130.36
2025-08-25,U002,1159.86,0.0,0.0,0.0,0.0,1005.24,0.0,154.62,0.0,-3290.22
2025-08-26,U002,799.01,0.0,528.68,0.0,0.0,133.94,0.0,136.39,0.0,-4089.23
2025-08-27,U002,1140.34,0.0,251.7,0.0,0.0,117.58,515.22,255.84,0.0,-5229.57
2025-08-28,U002,1491.08,0.0,94.5,94.5,0.0,650.08,89.78,656.72,0.0,-6720.65
2025-08-29,U002,611.75,0.0,0.0,0.0,209.12,181.51,221.12,0.0,0.0,-7332.4
2025-08-30,U002,685.18,0.0,102.27,0.0,0.0,261.63,50.86,270.42,0.0,-8017.58
2025-08-31,U002,1475.28,0.0,62.16,0.0,0.0,0.0,738.04,675.08,0.0,-9492.86
2025-09-01,U002,739.68,60000.0,82.54,0.0,0.0,0.0,0.0,657.14,0.0,49767.46
2025-09-02,U002,817.89,0.0,204.76,0.0,0.0,286.31,0.0,326.82,0.0,48949.57
2025-09-03,U002,85617.07,0.0,305.52,0.0,0.0,96.59,85078.55,136.41,0.0,-36667.5
2025-09-04,U002,1167.97,0.0,959.71,0.0,0.0,42.01,92.6,73.65,0.0,-37835.47
2025-09-05,U002,1610.7,0.0,267.04,0.0,0.0,0.0,78.98,1264.68,0.0,-39446.17
2025-09-06,U002,1773.74,0.0,950.88,686.6,0.0,319.18,452.04,51.64,0.0,-41219.91
2025-09-07,U002,935.14,0.0,179.28,114.16,0.0,283.92,378.65,93.29,0.0,-42155.05
2025-09-08,U002,1194.62,0.0,391.83,0.0,0.0,0.0,116.96,685.83,0.0,-43349.67
2025-09-09,U002,1302.98,0.0,241.61,90.2,0.0,0.0,854.15,207.22,0.0,-44652.65
2025-09-10,U002,1246.87,0.0,111.61,0.0,0.0,0.0,945.85,189.41,0.0,-45899.52
2025-09-11,U002,687.49,0.0,196.95,67.82,0.0,315.18,143.48,31.88,0.0,-46587.01
2025-09-12,U002,1313.47,0.0,29.02,0.0,0.0,95.28,1081.19,107.98,0.0,-47900.48
2025-09-13,U002,1686.51,0.0,1105.35,0.0,0.0,195.72,202.61,182.83,0.0,-49586.99
2025-09-14,U002,2035.38,0.0,377.99,109.36,0.0,0.0,1475.39,182.0,0.0,-51622.37
2025-09-15,U002,2086.87,0.0,101.9,0.0,0.0,1313.77,671.2,0.0,0.0,-53709.24
2025-09-16,U002,1068.31,0.0,0.0,0.0,31.36,0.0,0.0,1036.95,0.0,-54777.55
2025-09-17,U002,1785.23,0.0,61.01,0.0,0.0,405.8,1278.57,39.85,0.0,-56562.78
2025-09-18,U002,1743.94,0.0,1229.34,244.45,0.0,85.92,428.68,0.0,0.0,-58306.72
2025-09-19,U002,1210.52,0.0,44.23,11.66,0.0,842.47,319.2,4.62,0.0,-59517.24
2025-09-20,U002,1563.74,0.0,1117.84,0.0,0.0,295.03,150.87,0.0,0.0,-61080.98
2025-09-21,U002,745.05,0.0,459.11,0.0,0.0,45.21,18.76,221.97,0.0,-61826.03
2025-09-22,U002,1118.59,0.0,77.52,0.0,0.0,504.58,536.49,0.0,0.0,-62944.62
2025-09-23,U002,1250.54,0.0,0.0,0.0,204.9,46.32,613.37,385.95,0.0,-64195.16
2025-09-24,U002,1207.81,0.0,57.88,0.0,0.0,43.33,0.0,1106.6,0.0,-65402.97
2025-09-25,U002,1238.82,0.0,129.54,0.0,0.0,324.13,625.63,159.52,0.0,-66641.79
2025-09-26,U002,812.73,0.0,277.96,36.65,321.0,0.0,143.57,70.2,0.0,-67454.52
2025-09-27,U002,1508.12,0.0,327.04,90.25,152.58,899.31,0.0,129.19,0.0,-68962.64
2025-09-28,U002,958.32,0.0,424.73,0.0,0.0,422.98,110.61,0.0,0.0,-69920.96
2025-09-29,U002,963.84,0.0,42.56,42.56,0.0,151.25,282.34,487.69,0.0,-70884.8
2025-09-30,U002,1432.35,0.0,853.53,31.56,0.0,44.32,265.24,269.26,0.0,-72317.15
2025-10-01,U002,817.08,60000.0,124.22,0.0,0.0,74.11,47.1,571.65,0.0,-13134.23
2025-10-02,U002,1152.35,0.0,0.0,0.0,0.0,375.4,390.82,386.13,0.0,-14286.58
2025-10-03,U002,86318.78,0.0,974.62,173.94,0.0,99.99,85114.91,129.26,0.0,-100605.36
2025-10-04,U002,1344.06,0.0,486.23,39.63,0.0,57.62,664.79,135.42,0.0,-101949.42
2025-10-05,U002,462.49,0.0,184.76,40.62,0.0,0.0,0.0,277.73,0.0,-102411.91
2025-10-06,U002,1212.71,0.0,32.28,0.0,0.0,622.1,558.33,0.0,0.0,-103624.62
2025-10-07,U002,1168.52,0.0,311.51,311.51,0.0,279.73,429.12,148.16,0.0,-104793.14
2025-10-08,U002,544.86,0.0,74.39,0.0,0.0,38.69,397.22,34.56,0.0,-105338.0
2025-10-09,U002,592.01,0.0,16.2,0.0,0.0,109.51,227.59,238.71,0.0,-105930.01
2025-10-10,U002,904.37,0.0,0.0,0.0,0.0,462.53,411.82,30.02,0.0,-106834.38
2025-10-11,U002,1559.68,0.0,149.51,0.0,0.0,855.04,0.0,555.13,0.0,-108394.06
2025-10-12,U002,942.08,0.0,630.47,0.0,47.65,0.0,161.97,101.99,0.0,-109336.14
2025-10-13,U002,637.64,0.0,0.0,0.0,136.63,0.0,132.5,368.51,0.0,-109973.78
2025-10-14,U002,497.95,0.0,80.94,0.0,0.0,48.09,345.08,23.84,0.0,-110471.73
2025-10-15,U002,1891.88,0.0,288.59,0.0,0.0,357.39,803.71,442.19,0.0,-112363.61
2025-10-16,U002,1107.44,0.0,316.61,176.36,266.4,0.0,524.43,0.0,0.0,-113471.05
2025-10-17,U002,912.22,0.0,473.69,320.29,0.0,209.03,178.7,50.8,0.0,-114383.27
2025-10-18,U002,852.52,0.0,136.92,0.0,360.43,333.76,21.41,0.0,0.0,-115235.79
2025-10-19,U002,1173.93,0.0,137.86,0.0,0.0,289.23,363.58,383.26,0.0,-116409.72
2025-10-20,U002,974.73,0.0,538.38,0.0,0.0,0.0,219.71,216.64,0.0,-117384.45
2025-10-21,U002,255.48,0.0,0.12,0.0,0.0,0.0,151.58,103.78,0.0,-117639.93
2025-10-22,U002,987.93,0.0,100.44,0.0,0.0,742.97,55.36,89.16,0.0,-118627.86
2025-10-23,U002,1200.98,0.0,915.19,0.0,175.76,110.03,0.0,0.0,0.0,-119828.84
2025-10-24,U002,928.4,0.0,56.18,56.18,0.0,39.05,297.88,535.29,0.0,-120757.24
2025-10-25,U002,836.11,0.0,266.67,0.0,0.0,34.05,53.52,481.87,0.0,-121593.35
2025-10-26,U002,1197.07,0.0,404.18,0.0,0.0,260.76,317.88,214.25,0.0,-122790.42
2025-10-27,U002,837.04,0.0,230.86,0.0,0.0,0.0,417.64,188.54,0.0,-123627.46
2025-10-28,U002,774.51,0.0,248.73,0.0,0.0,65.36,297.55,162.87,0.0,-124401.97
2025-10-29,U002,756.63,0.0,0.0,0.0,0.0,94.88,304.98,356.77,0.0,-125158.6
2025-10-30,U002,838.78,0.0,139.73,0.0,0.0,60.56,377.71,260.78,0.0,-125997.38
2025-10-31,U002,971.97,0.0,216.54,9.86,0.0,629.4,6.45,119.58,0.0,-126969.35
2025-11-01,U002,612.37,60000.0,115.29,0.0,0.0,497.08,0.0,0.0,0.0,-67581.72
2025-11-02,U002,832.34,0.0,309.61,0.0,0.0,301.01,48.09,173.63,0.0,-68414.06
2025-11-03,U002,86079.07,0.0,691.29,0.0,0.0,85350.34,0.0,37.44,0.0,-154493.13
2025-11-04,U002,780.68,0.0,0.0,0.0,0.0,49.41,455.91,275.36,0.0,-155273.81
2025-11-05,U002,1008.87,0.0,579.29,37.01,0.0,169.8,69.75,190.03,0.0,-156282.68
2025-11-06,U002,957.5,0.0,366.46,353.32,0.0,227.76,363.28,0.0,0.0,-157240.18
2025-11-07,U002,606.2,0.0,74.17,74.17,0.0,350.74,129.61,51.68,0.0,-157846.38
2025-11-08,U002,926.12,0.0,0.0,0.0,0.0,174.07,0.0,752.05,0.0,-158772.5
2025-11-09,U002,1314.72,0.0,277.02,0.0,0.0,940.06,97.64,0.0,0.0,-160087.22
2025-11-10,U002,1137.28,0.0,175.5,175.5,0.0,0.0,69.63,892.15,0.0,-161224.5
2025-11-11,U002,593.67,0.0,129.05,0.0,0.0,0.0,413.84,50.78,0.0,-161818.17
2025-11-12,U002,888.23,0.0,0.0,0.0,0.0,103.37,731.75,53.11,0.0,-162706.4
2025-11-13,U002,1218.64,0.0,726.56,0.0,0.0,39.09,427.52,25.47,0.0,-163925.04
2025-11-14,U002,1188.83,0.0,0.0,0.0,0.0,286.24,145.4,757.19,0.0,-165113.87
2025-11-15,U002,1336.83,0.0,136.26,0.0,0.0,930.67,269.9,0.0,0.0,-166450.7
2025-11-16,U002,1281.48,0.0,1064.27,83.77,0.0,0.0,0.0,217.21,0.0,-167732.18
2025-11-17,U002,639.83,0.0,0.0,0.0,0.0,268.32,0.0,371.51,0.0,-168372.01
2025-11-18,U002,906.82,0.0,400.72,0.0,296.71,0.0,54.09,155.3,0.0,-169278.83
2025-11-19,U002,704.08,0.0,69.05,0.0,0.0,209.45,50.99,374.59,0.0,-169982.91
2025-11-20,U002,895.22,0.0,307.53,34.37,0.0,487.82,0.0,99.87,0.0,-170878.13
2025-11-21,U002,719.12,0.0,172.08,0.0,0.0,299.86,79.73,167.45,0.0,-171597.25
2025-11-22,U002,1033.12,0.0,0.0,0.0,0.0,142.62,237.1,653.4,0.0,-172630.37
2025-11-23,U002,1493.04,0.0,724.51,0.0,0.0,303.58,464.95,0.0,0.0,-174123.41
2025-11-24,U002,1230.39,0.0,55.77,55.77,32.98,973.76,77.54,90.34,0.0,-175353.8
2025-11-25,U002,1217.46,0.0,377.35,0.0,0.0,36.44,387.32,416.35,0.0,-176571.26
2025-11-26,U002,825.71,0.0,254.44,0.0,0.0,331.5,119.0,120.77,0.0,-177396.97
2025-11-27,U002,1502.42,0.0,942.95,942.95,0.0,210.55,348.92,0.0,0.0,-178899.39
2025-11-28,U002,1568.66,0.0,205.38,187.29,0.0,0.0,1137.04,226.24,0.0,-180468.05
2025-11-29,U002,1156.98,0.0,111.61,0.0,0.0,231.41,576.15,237.81,0.0,-181625.03
2025-11-30,U002,1114.78,0.0,1099.87,0.0,0.0,0.0,0.0,14.91,0.0,-182739.81
2025-12-01,U002,1112.36,60000.0,203.66,0.0,0.0,811.09,63.76,33.85,0.0,-123852.17
2025-12-02,U002,631.13,0.0,191.09,0.0,0.0,0.0,89.76,350.28,0.0,-124483.3
2025-12-03,U002,85811.49,0.0,36.06,0.0,0.0,85072.26,87.5,615.67,0.0,-210294.79
2025-12-04,U002,1575.11,0.0,0.0,0.0,0.0,615.04,57.16,902.91,0.0,-211869.9
2025-12-05,U002,234.14,0.0,97.3,0.0,0.0,0.0,96.76,40.08,0.0,-212104.04
2025-12-06,U002,870.25,0.0,171.67,0.0,0.0,90.36,111.85,496.37,0.0,-212974.29
2025-12-07,U002,1008.7,0.0,336.16,291.6,0.0,26.34,358.02,288.18,0.0,-213982.99
2025-12-08,U002,361.12,0.0,210.51,130.8,0.0,0.0,33.91,116.7,0.0,-214344.11
2025-12-09,U002,513.31,0.0,62.3,0.0,0.0,449.66,1.35,0.0,0.0,-214857.42
2025-12-10,U002,1208.42,0.0,311.76,0.0,0.0,0.0,896.66,0.0,0.0,-216065.84
2025-12-11,U002,1148.49,0.0,15.21,0.0,0.0,0.0,0.0,1133.28,0.0,-217214.33
2025-12-12,U002,1416.58,0.0,70.77,70.77,0.0,168.39,79.45,1097.97,0.0,-218630.91
2025-12-13,U002,536.48,0.0,131.77,131.77,0.0,0.0,267.31,137.4,0.0,-219167.39
2025-12-14,U002,614.06,0.0,157.08,0.0,0.0,158.01,285.32,13.65,0.0,-219781.45
2025-12-15,U002,1319.82,0.0,293.86,0.0,0.0,302.28,549.01,174.67,0.0,-221101.27
2025-12-16,U002,1196.41,0.0,589.46,0.0,0.0,243.27,253.04,110.64,0.0,-222297.68
2025-12-17,U002,491.58,0.0,68.29,0.0,0.0,0.0,232.38,190.91,0.0,-222789.26
2025-12-18,U002,802.9,0.0,345.59,0.0,0.0,56.74,0.0,400.57,0.0,-223592.16
2025-12-19,U002,642.53,0.0,0.0,0.0,0.0,206.95,304.47,131.11,0.0,-224234.69
2025-12-20,U002,558.29,0.0,0.0,0.0,0.0,280.83,51.48,225.98,0.0,-224792.98
2025-12-21,U002,979.2,0.0,128.98,123.11,0.0,0.0,850.22,0.0,0.0,-225772.18
2025-12-22,U002,1169.16,0.0,886.51,0.0,0.0,29.66,210.76,42.23,0.0,-226941.34
2025-12-23,U002,1480.43,0.0,246.92,0.0,661.71,62.2,0.0,509.6,0.0,-228421.77
2025-12-24,U002,808.48,0.0,454.65,0.0,0.0,0.0,143.6,210.23,0.0,-229230.25
2025-12-25,U002,1025.09,0.0,559.88,431.95,0.0,287.07,150.57,27.57,0.0,-230255.34
2025-12-26,U002,987.31,0.0,88.25,0.0,0.0,224.78,44.5,629.78,0.0,-231242.65
2025-12-27,U002,760.75,0.0,143.5,0.0,0.0,504.02,0.0,113.23,0.0,-232003.4
2025-12-28,U002,1280.99,0.0,366.45,58.5,117.57,0.0,785.37,11.6,0.0,-233284.39
2025-12-29,U002,635.19,0.0,0.0,0.0,0.0,106.84,160.3,368.05,0.0,-233919.58
2025-12-30,U002,488.37,0.0,0.0,0.0,62.7,266.37,80.75,78.55,0.0,-234407.95
2025-12-31,U002,674.18,0.0,389.56,147.39,0.0,150.01,0.0,134.61,0.0,-235082.13
2026-01-01,U002,860.67,60000.0,95.0,0.0,0.0,246.7,375.47,143.5,0.0,-175942.8
2026-01-02,U002,1318.41,0.0,499.17,0.0,0.0,144.68,599.37,75.19,0.0,-177261.21
2026-01-03,U002,85487.04,0.0,7.88,7.88,0.0,32.82,279.19,85167.15,0.0,-262748.25
2026-01-04,U002,1282.16,0.0,0.0,0.0,0.0,599.2,116.32,566.64,0.0,-264030.41
2026-01-05,U002,1526.36,0.0,44.61,0.0,0.0,1130.38,0.0,351.37,0.0,-265556.77
2026-01-06,U002,1057.72,0.0,195.22,114.91,50.8,408.35,333.25,70.1,0.0,-266614.49
2026-01-07,U002,505.06,0.0,0.0,0.0,70.42,139.69,79.58,215.37,0.0,-267119.55
2026-01-08,U002,2171.2,0.0,338.63,0.0,0.0,0.0,1791.4,41.17,0.0,-269290.75
2026-01-09,U002,1328.09,0.0,15.46,0.0,0.0,131.24,270.53,910.86,0.0,-270618.84
2026-01-10,U002,1799.73,0.0,303.85,0.0,0.0,105.31,0.0,1390.57,0.0,-272418.57
2026-01-11,U002,1229.07,0.0,212.9,212.9,0.0,0.0,71.85,944.32,0.0,-273647.64
2026-01-12,U002,1286.84,0.0,134.61,0.0,0.0,1152.23,0.0,0.0,0.0,-274934.48
2026-01-13,U002,879.23,0.0,704.44,417.93,0.0,95.93,78.86,0.0,0.0,-275813.71
2026-01-14,U002,1641.15,0.0,0.0,0.0,1246.12,53.11,274.75,67.17,0.0,-277454.86
2026-01-15,U002,1589.18,0.0,379.36,0.0,0.0,855.27,90.41,264.14,0.0,-279044.04
2026-01-16,U002,2256.81,0.0,390.29,45.32,0.0,67.52,1650.68,148.32,0.0,-281300.85
2026-01-17,U002,2164.64,0.0,256.48,0.0,235.82,223.62,238.14,1210.58,0.0,-283465.49
2026-01-18,U002,1407.15,0.0,0.0,0.0,27.24,0.0,252.27,1127.64,0.0,-284872.64
2026-01-19,U002,1004.16,0.0,99.33,56.92,0.0,505.4,247.87,151.56,0.0,-285876.8
2026-01-20,U002,855.6,0.0,31.27,0.0,0.0,259.27,0.0,565.06,0.0,-286732.4
2026-01-21,U002,1471.92,0.0,561.08,0.0,0.0,214.88,428.33,267.63,0.0,-288204.32
2026-01-22,U002,848.62,0.0,333.45,0.0,0.0,442.3,0.0,72.87,0.0,-289052.94
2026-01-23,U002,918.16,0.0,508.81,0.0,0.0,0.0,266.99,142.36,0.0,-289971.1
2026-01-24,U002,1523.89,0.0,305.33,28.11,0.0,844.39,374.17,0.0,0.0,-291494.99
2026-01-25,U002,644.87,0.0,230.74,230.74,0.0,212.01,0.0,202.12,0.0,-292139.86
2026-01-26,U002,1281.32,0.0,434.07,0.0,0.0,338.55,0.0,508.7,0.0,-293421.18
2026-01-27,U002,1243.0,0.0,600.8,0.0,22.52,97.57,69.33,452.78,0.0,-294664.18
2026-01-28,U002,512.88,0.0,359.62,125.82,63.87,0.0,0.0,89.39,0.0,-295177.06
2026-01-29,U002,772.31,0.0,33.19,0.0,0.0,148.96,0.0,590.16,0.0,-295949.37
2026-01-30,U002,1064.34,0.0,309.47,0.0,0.0,155.37,80.79,518.71,0.0,-297013.71
2026-01-31,U002,903.41,0.0,0.0,0.0,246.83,50.03,113.12,493.43,0.0,-297917.12
2026-02-01,U002,1078.68,60000.0,238.11,0.0,0.0,69.71,414.37,356.49,0.0,-238995.8
2026-02-02,U002,759.54,0.0,442.06,0.0,0.0,153.23,88.8,75.45,0.0,-239755.34
2026-02-03,U002,85603.15,0.0,356.19,99.04,0.0,92.55,0.0,85154.41,0.0,-325358.49
2026-02-04,U002,1300.82,0.0,418.26,0.0,0.0,388.68,438.81,55.07,0.0,-326659.31
2026-02-05,U002,924.11,0.0,314.76,0.0,0.0,0.0,8.65,600.7,0.0,-327583.42
2026-02-06,U002,709.63,0.0,0.0,0.0,0.0,536.78,116.14,56.71,0.0,-328293.05
2026-02-07,U002,1075.55,0.0,25.37,0.0,58.34,728.1,263.74,0.0,0.0,-329368.6
2026-02-08,U002,1105.49,0.0,0.0,0.0,0.0,397.91,188.67,518.91,0.0,-330474.09
2026-02-09,U002,905.89,0.0,498.22,440.77,0.0,102.8,304.87,0.0,0.0,-331379.98
2026-02-10,U002,1054.79,0.0,38.04,0.0,0.0,573.34,414.32,29.09,0.0,-332434.77
2026-02-11,U002,749.77,0.0,83.37,0.0,121.54,35.58,287.44,221.84,0.0,-333184.54
2026-02-12,U002,740.98,0.0,149.62,87.15,0.0,250.02,250.02,91.32,0.0,-333925.52
2026-02-13,U002,678.29,0.0,125.97,0.0,0.0,17.36,30.99,503.97,0.0,-334603.81
2026-02-14,U002,1272.39,0.0,450.58,0.0,0.0,803.86,0.0,17.95,0.0,-335876.2
2026-02-15,U002,1296.97,0.0,0.0,0.0,0.0,137.83,286.37,872.77,0.0,-337173.17
2026-02-16,U002,1375.25,0.0,20.14,0.0,0.0,481.74,575.3,298.07,0.0,-338548.42
2026-02-17,U002,828.57,0.0,357.74,269.54,0.0,379.92,90.91,0.0,0.0,-339376.99
2026-02-18,U002,1374.07,0.0,137.97,0.0,0.0,0.0,1019.26,216.84,0.0,-340751.06
2026-02-19,U002,1039.11,0.0,49.9,0.0,0.0,662.37,222.7,104.14,0.0,-341790.17
2026-02-20,U002,709.23,0.0,0.0,0.0,0.0,446.48,217.57,45.18,0.0,-342499.4
2026-02-21,U002,810.56,0.0,0.0,0.0,0.0,272.16,320.87,217.53,0.0,-343309.96
2026-02-22,U002,1393.86,0.0,546.33,65.65,0.0,381.71,209.79,256.03,0.0,-344703.82
2025-08-22,U003,2250.24,0.0,510.79,0.0,1182.84,0.0,109.52,447.09,0.0,-2250.24
2025-08-23,U003,2968.22,99876.19,751.12,0.0,0.0,0.0,1594.86,622.24,0.0,94657.73
2025-08-24,U003,1485.1,0.0,267.56,0.0,0.0,0.0,116.78,1100.76,0.0,93172.63
2025-08-25,U003,2652.69,0.0,0.0,0.0,457.74,0.0,816.26,1378.69,0.0,90519.94
2025-08-26,U003,3803.31,0.0,0.0,0.0,1794.36,1402.44,520.16,86.35,0.0,86716.63
2025-08-27,U003,2907.0,0.0,1159.32,0.0,695.81,940.89,0.0,110.98,0.0,83809.63
2025-08-28,U003,22615.57,0.0,545.14,205.99,415.8,0.0,0.0,21654.63,0.0,61194.06
2025-08-29,U003,38785.01,55055.12,0.0,0.0,662.55,459.51,458.72,37204.23,0.0,77464.17
2025-08-30,U003,24074.82,0.0,22028.0,0.0,547.54,257.59,565.65,676.04,0.0,53389.35
2025-08-31,U003,38139.27,38806.59,1228.96,0.0,342.57,35866.77,129.86,571.11,0.0,54056.67
2025-09-01,U003,62533.36,0.0,663.38,83.99,476.09,277.4,45000.0,16116.49,0.0,-8476.69
2025-09-02,U003,23037.66,0.0,20853.65,0.0,839.7,0.0,470.59,873.72,0.0,-31514.35
2025-09-03,U003,21129.38,159431.42,463.67,0.0,748.34,346.37,19387.47,183.53,0.0,106787.69
2025-09-04,U003,45373.65,0.0,415.77,415.77,363.65,0.0,44594.23,0.0,0.0,61414.04
2025-09-05,U003,30860.94,0.0,1097.67,0.0,0.0,0.0,28922.46,840.81,0.0,30553.1
2025-09-06,U003,2610.8,0.0,424.14,0.0,0.0,0.0,2186.66,0.0,0.0,27942.3
2025-09-07,U003,182999.41,0.0,0.0,0.0,181440.0,127.72,361.55,1070.14,0.0,-155057.11
2025-09-08,U003,3737.58,0.0,266.72,0.0,0.0,0.0,1777.94,1692.92,0.0,-158794.69
2025-09-09,U003,3337.14,0.0,1182.48,724.31,0.0,0.0,510.21,1644.45,0.0,-162131.83
2025-09-10,U003,62462.27,88943.67,60924.85,752.1,951.35,0.0,0.0,586.07,0.0,-135650.43
2025-09-11,U003,3455.58,0.0,969.92,0.0,449.2,0.0,0.0,2036.46,0.0,-139106.01
2025-09-12,U003,2263.96,0.0,705.55,705.55,0.0,680.59,520.0,357.82,0.0,-141369.97
2025-09-13,U003,3197.03,0.0,119.23,119.23,292.64,197.59,2122.76,464.81,0.0,-144567.0
2025-09-14,U003,3251.51,0.0,718.09,0.0,331.08,0.0,782.34,1420.0,0.0,-147818.51
2025-09-15,U003,3445.83,0.0,295.03,0.0,2472.61,0.0,670.68,7.51,0.0,-151264.34
2025-09-16,U003,1760.85,47892.01,0.0,0.0,919.07,0.0,717.03,124.75,0.0,-105133.18
2025-09-17,U003,2598.74,83312.67,790.59,0.0,668.9,0.0,1033.81,105.44,0.0,-24419.25
2025-09-18,U003,1461.74,53078.86,337.5,337.5,216.58,0.0,0.0,907.66,0.0,27197.87
2025-09-19,U003,2295.19,0.0,388.99,0.0,583.05,0.0,1323.15,0.0,0.0,24902.68
2025-09-20,U003,63042.56,0.0,696.61,0.0,60562.62,282.58,228.85,1271.9,0.0,-38139.88
2025-09-21,U003,2279.39,0.0,515.13,515.13,0.0,0.0,639.29,1124.97,0.0,-40419.27
2025-09-22,U003,2552.26,0.0,552.61,0.0,0.0,0.0,700.0,1299.65,0.0,-42971.53
2025-09-23,U003,1682.5,0.0,243.06,243.06,0.0,0.0,1255.7,183.74,0.0,-44654.03
2025-09-24,U003,2406.43,0.0,1011.55,0.0,427.73,91.12,232.31,643.72,0.0,-47060.46
2025-09-25,U003,2007.85,0.0,265.77,0.0,184.98,0.0,1557.1,0.0,0.0,-49068.31
2025-09-26,U003,2574.34,0.0,755.08,0.0,0.0,0.0,446.43,1372.83,0.0,-51642.65
2025-09-27,U003,2221.66,0.0,384.15,384.15,0.0,0.0,1415.23,422.28,0.0,-53864.31
2025-09-28,U003,2199.33,0.0,331.59,0.0,195.8,0.0,1064.4,607.54,0.0,-56063.64
2025-09-29,U003,2118.97,0.0,122.55,0.0,0.0,0.0,1373.15,623.27,0.0,-58182.61
2025-09-30,U003,1367.67,0.0,211.88,0.0,267.52,0.0,63.1,825.17,0.0,-59550.28
2025-10-01,U003,48387.81,0.0,454.82,0.0,618.05,145.89,384.4,46784.65,0.0,-107938.09
2025-10-02,U003,2470.85,50969.71,538.68,278.12,939.9,0.0,992.27,0.0,0.0,-59439.23
2025-10-03,U003,2594.21,106909.81,1771.04,397.39,823.17,0.0,0.0,0.0,0.0,44876.37
2025-10-04,U003,3332.64,0.0,352.19,0.0,837.85,0.0,1405.95,736.65,0.0,41543.73
2025-10-05,U003,3827.62,91520.69,481.11,0.0,270.23,0.0,2309.6,766.68,0.0,129236.8
2025-10-06,U003,2958.32,62333.5,858.6,423.94,634.08,0.0,265.22,1200.42,0.0,188611.98
2025-10-07,U003,181948.6,47947.27,0.0,0.0,782.84,0.0,181165.76,0.0,0.0,54610.65
2025-10-08,U003,1998.4,62298.69,345.07,0.0,469.06,535.72,362.34,286.21,0.0,114910.94
2025-10-09,U003,3101.76,0.0,292.68,292.68,1529.96,0.0,384.11,895.01,0.0,111809.18
2025-10-10,U003,62287.26,0.0,528.22,0.0,640.61,0.0,60698.17,420.26,0.0,49521.92
2025-10-11,U003,1979.42,0.0,973.97,0.0,68.78,0.0,90.36,846.31,0.0,47542.5
2025-10-12,U003,1531.85,0.0,700.78,0.0,831.07,0.0,0.0,0.0,0.0,46010.65
2025-10-13,U003,3645.53,101582.27,1526.34,868.6,0.0,0.0,2119.19,0.0,0.0,143947.39
2025-10-14,U003,1739.32,0.0,595.97,0.0,80.0,0.0,747.55,315.8,0.0,142208.07
2025-10-15,U003,1303.95,0.0,222.48,0.0,509.23,0.0,0.0,572.24,0.0,140904.12
2025-10-16,U003,2750.81,0.0,1103.97,0.0,0.0,0.0,1147.82,499.02,0.0,138153.31
2025-10-17,U003,1613.76,39450.12,938.32,268.56,398.93,0.0,276.51,0.0,0.0,175989.67
2025-10-18,U003,1956.75,0.0,698.82,0.0,439.08,0.0,380.57,438.28,0.0,174032.92
2025-10-19,U003,2682.69,30767.4,221.48,0.0,1127.13,493.06,484.42,356.6,0.0,202117.63
2025-10-20,U003,61200.4,0.0,381.25,0.0,274.26,0.0,60000.0,544.89,0.0,140917.23
2025-10-21,U003,2756.43,0.0,1534.91,832.53,0.0,0.0,808.99,412.53,0.0,138160.8
2025-10-22,U003,1855.75,0.0,58.89,0.0,0.0,906.38,110.94,779.54,0.0,136305.05
2025-10-23,U003,1662.73,0.0,485.89,0.0,0.0,0.0,212.13,964.71,0.0,134642.32
2025-10-24,U003,2425.55,0.0,203.27,0.0,923.1,0.0,227.17,1072.01,0.0,132216.77
2025-10-25,U003,1778.87,0.0,115.82,0.0,429.92,0.0,1226.0,7.13,0.0,130437.9
2025-10-26,U003,1710.89,0.0,545.68,0.0,0.0,0.0,790.84,374.37,0.0,128727.01
2025-10-27,U003,1443.78,45095.3,376.61,0.0,294.86,0.0,0.0,772.31,0.0,172378.53
2025-10-28,U003,3098.65,17805.04,1829.21,762.97,888.65,0.0,0.0,380.79,0.0,187084.92
2025-10-29,U003,2640.74,88391.66,1708.07,1052.81,117.63,0.0,815.04,0.0,0.0,272835.84
2025-10-30,U003,3370.5,10799.59,1009.77,642.62,637.53,0.0,456.78,1266.42,0.0,280264.93
2025-10-31,U003,2017.41,65621.34,423.34,0.0,485.36,0.0,237.87,870.84,0.0,343868.86
2025-11-01,U003,47141.14,0.0,1074.61,0.0,0.0,0.0,1066.53,45000.0,0.0,296727.72
2025-11-02,U003,2974.02,0.0,1832.88,0.0,418.75,0.0,654.45,67.94,0.0,293753.7
2025-11-03,U003,2285.43,35818.85,1150.88,0.0,132.5,0.0,697.59,304.46,0.0,327287.12
2025-11-04,U003,2199.23,0.0,929.09,153.7,770.79,0.0,499.35,0.0,0.0,325087.89
2025-11-05,U003,2475.16,0.0,1852.61,758.22,0.0,274.79,80.62,267.14,0.0,322612.73
2025-11-06,U003,2567.95,0.0,425.2,0.0,531.99,298.47,647.84,664.45,0.0,320044.78
2025-11-07,U003,182823.35,0.0,180740.88,0.0,749.96,297.33,0.0,1035.18,0.0,137221.43
2025-11-08,U003,3154.09,0.0,1328.65,0.0,654.41,233.77,937.26,0.0,0.0,134067.34
2025-11-09,U003,2589.9,0.0,611.28,0.0,960.97,0.0,267.76,749.89,0.0,131477.44
2025-11-10,U003,62311.26,0.0,0.0,0.0,632.44,0.0,60262.69,1416.13,0.0,69166.18
2025-11-11,U003,1812.54,111304.07,640.88,234.55,0.0,316.6,855.06,0.0,0.0,178657.71
2025-11-12,U003,2116.41,0.0,143.28,0.0,171.33,97.88,0.0,1703.92,0.0,176541.3
2025-11-13,U003,1471.75,0.0,315.11,151.28,370.1,0.0,320.0,466.54,0.0,175069.55
2025-11-14,U003,3061.11,0.0,0.0,0.0,577.29,0.0,1030.7,1453.12,0.0,172008.44
2025-11-15,U003,2771.37,0.0,815.69,0.0,308.09,0.0,821.23,826.36,0.0,169237.07
2025-11-16,U003,3115.44,0.0,620.89,620.89,835.14,1048.43,0.0,610.98,0.0,166121.63
2025-11-17,U003,1741.46,0.0,80.0,0.0,546.03,0.0,834.67,280.76,0.0,164380.17
2025-11-18,U003,2641.57,26085.23,227.31,227.31,1246.28,0.0,547.54,620.44,0.0,187823.83
2025-11-19,U003,1923.85,102220.25,528.29,528.29,1077.85,0.0,317.71,0.0,0.0,288120.23
2025-11-20,U003,61137.12,77708.45,60000.0,0.0,209.46,0.0,242.42,685.24,0.0,304691.56
2025-11-21,U003,2239.97,0.0,392.43,392.43,397.73,0.0,1449.81,0.0,0.0,302451.59
2025-11-22,U003,2214.87,0.0,520.0,520.0,159.32,0.0,1296.1,239.45,0.0,300236.72
2025-11-23,U003,2882.65,0.0,0.0,0.0,402.9,0.0,2109.3,370.45,0.0,297354.07
2025-11-24,U003,2080.26,2153.54,1128.36,0.0,859.19,0.0,92.71,0.0,0.0,297427.35
2025-11-25,U003,2484.54,0.0,173.01,0.0,763.16,273.67,1274.7,0.0,0.0,294942.81
2025-11-26,U003,1197.56,0.0,966.5,488.23,0.0,0.0,147.9,83.16,0.0,293745.25
2025-11-27,U003,2715.81,0.0,591.32,0.0,914.23,309.94,0.0,900.32,0.0,291029.44
2025-11-28,U003,3150.51,0.0,211.46,63.8,0.0,0.0,1697.17,1241.88,0.0,287878.93
2025-11-29,U003,2188.14,0.0,0.0,0.0,758.91,0.0,0.0,1429.23,0.0,285690.79
2025-11-30,U003,3259.48,64843.14,708.61,0.0,79.85,656.16,1190.05,624.81,0.0,347274.45
2025-12-01,U003,48252.98,0.0,45310.29,0.0,600.82,0.0,222.53,2119.34,0.0,299021.47
2025-12-02,U003,2751.09,0.0,495.19,495.19,88.96,0.0,0.0,2166.94,0.0,296270.38
2025-12-03,U003,2677.03,0.0,0.0,0.0,409.3,0.0,1906.42,361.31,0.0,293593.35
2025-12-04,U003,2580.7,71932.75,1143.64,175.85,251.78,0.0,0.0,1185.28,0.0,362945.4
2025-12-05,U003,2597.73,0.0,1718.22,615.65,0.0,0.0,736.89,142.62,0.0,360347.67
2025-12-06,U003,2187.11,66703.38,48.92,0.0,261.1,0.0,945.65,931.44,0.0,424863.94
2025-12-07,U003,183994.87,0.0,0.0,0.0,1465.27,0.0,0.0,182529.6,0.0,240869.07
2025-12-08,U003,2102.76,0.0,1535.61,672.07,0.0,0.0,429.19,137.96,0.0,238766.31
2025-12-09,U003,3751.71,0.0,217.98,0.0,0.0,0.0,1056.95,2476.78,0.0,235014.6
2025-12-10,U003,63012.75,0.0,1010.96,0.0,60000.0,0.0,2001.79,0.0,0.0,172001.85
2025-12-11,U003,3172.37,16066.57,281.92,95.19,0.0,519.33,2032.22,338.9,0.0,184896.05
2025-12-12,U003,2458.21,0.0,370.97,370.97,893.76,0.0,1193.48,0.0,0.0,182437.84
2025-12-13,U003,2447.69,25142.6,129.64,0.0,1414.45,236.53,356.12,310.95,0.0,205132.75
2025-12-14,U003,3864.22,0.0,626.9,0.0,2417.07,0.0,201.64,618.61,0.0,201268.53
2025-12-15,U003,2501.98,0.0,378.83,138.83,1573.78,0.0,0.0,549.37,0.0,198766.55
2025-12-16,U003,2975.0,37744.12,0.0,0.0,1746.4,0.0,0.0,1228.6,0.0,233535.67
2025-12-17,U003,2565.04,0.0,1045.63,1045.63,914.64,264.5,0.0,340.27,0.0,230970.63
2025-12-18,U003,3854.67,0.0,1549.48,189.36,1153.12,0.0,456.23,695.84,0.0,227115.96
2025-12-19,U003,2258.52,102657.69,956.43,0.0,436.44,105.42,760.23,0.0,0.0,327515.13
2025-12-20,U003,63285.68,0.0,84.13,84.13,61442.86,546.1,922.96,289.63,0.0,264229.45
2025-12-21,U003,1473.92,0.0,204.12,204.12,508.53,0.0,414.13,347.14,0.0,262755.53
2025-12-22,U003,1937.34,0.0,992.86,455.48,0.0,0.0,248.58,695.9,0.0,260818.19
2025-12-23,U003,2413.79,0.0,232.02,0.0,327.13,0.0,0.0,1854.64,0.0,258404.4
2025-12-24,U003,2051.29,14717.19,936.86,936.86,263.11,0.0,851.32,0.0,0.0,271070.3
2025-12-25,U003,1954.5,54364.78,726.52,323.06,927.01,0.0,0.0,300.97,0.0,323480.58
2025-12-26,U003,2495.04,87474.24,0.0,0.0,0.0,0.0,989.42,1505.62,0.0,408459.78
2025-12-27,U003,3416.27,0.0,1267.91,736.14,550.03,0.0,0.0,1598.33,0.0,405043.51
2025-12-28,U003,2647.47,0.0,673.71,0.0,103.54,912.13,298.09,660.0,0.0,402396.04
2025-12-29,U003,2361.54,0.0,69.65,0.0,1189.16,176.7,926.03,0.0,0.0,400034.5
2025-12-30,U003,2919.78,115122.75,1648.12,1076.3,0.0,190.63,442.71,638.32,0.0,512237.47
2025-12-31,U003,2889.9,42431.69,412.77,0.0,747.38,0.0,512.79,1216.96,0.0,551779.26
2026-01-01,U003,47584.22,0.0,663.96,663.96,547.89,0.0,240.0,46132.37,0.0,504195.04
2026-01-02,U003,2685.96,0.0,1428.83,1264.82,368.71,422.72,0.0,465.7,0.0,501509.08
2026-01-03,U003,1607.6,117084.71,42.65,0.0,348.91,0.0,623.01,593.03,0.0,616986.19
2026-01-04,U003,2203.38,0.0,60.0,60.0,131.75,457.25,530.92,1023.46,0.0,614782.81
2026-01-05,U003,2119.65,55154.72,705.39,0.0,276.69,0.0,717.62,419.95,0.0,667817.88
2026-01-06,U003,3578.89,0.0,795.68,0.0,526.81,0.0,276.89,1979.51,0.0,664238.99
2026-01-07,U003,182459.53,0.0,797.82,0.0,953.3,0.0,180682.02,26.39,0.0,481779.46
2026-01-08,U003,1630.09,36038.31,508.51,0.0,0.0,450.77,389.43,281.38,0.0,516187.68
2026-01-09,U003,2081.6,0.0,812.01,0.0,0.0,0.0,1269.59,0.0,0.0,514106.08
2026-01-10,U003,62445.55,0.0,1195.48,0.0,60436.0,0.0,427.9,386.17,0.0,451660.53
2026-01-11,U003,2840.04,0.0,0.0,0.0,804.99,0.0,1133.17,901.88,0.0,448820.49
2026-01-12,U003,1908.15,0.0,116.06,0.0,0.0,556.5,1097.22,138.37,0.0,446912.34
2026-01-13,U003,1914.85,0.0,561.42,561.42,168.13,0.0,1114.42,70.88,0.0,444997.49
2026-01-14,U003,2694.33,102404.67,354.01,0.0,1002.53,0.0,786.92,550.87,0.0,544707.83
2026-01-15,U003,2915.5,0.0,254.14,254.14,518.77,0.0,2142.59,0.0,0.0,541792.33
2026-01-16,U003,1876.16,0.0,532.55,532.55,80.0,0.0,0.0,1263.61,0.0,539916.17
2026-01-17,U003,3228.88,0.0,342.36,269.5,438.0,1310.0,1138.52,0.0,0.0,536687.29
2026-01-18,U003,3278.2,0.0,926.55,0.0,324.72,0.0,797.59,1229.34,0.0,533409.09
2026-01-19,U003,2175.56,0.0,642.14,143.04,782.97,0.0,750.45,0.0,0.0,531233.53
2026-01-20,U003,62605.61,0.0,60581.18,60581.18,1571.02,0.0,226.83,226.58,0.0,468627.92
2026-01-21,U003,3060.6,0.0,992.85,0.0,1035.72,0.0,776.14,255.89,0.0,465567.32
2026-01-22,U003,3254.59,0.0,1604.6,451.74,124.72,0.0,1007.12,518.15,0.0,462312.73
2026-01-23,U003,3257.98,128646.25,1049.06,0.0,177.83,0.0,133.26,1897.83,0.0,587701.0
2026-01-24,U003,4121.09,0.0,1255.44,256.88,0.0,281.21,576.12,2008.32,0.0,583579.91
2026-01-25,U003,3950.38,0.0,1617.66,0.0,431.31,0.0,0.0,1901.41,0.0,579629.53
2026-01-26,U003,3938.6,0.0,2419.29,572.59,0.0,0.0,363.15,1156.16,0.0,575690.93
2026-01-27,U003,3394.49,45292.68,1377.35,680.54,561.52,0.0,375.86,1079.76,0.0,617589.12
2026-01-28,U003,2531.24,33999.25,358.07,0.0,912.1,0.0,0.0,1261.07,0.0,649057.13
2026-01-29,U003,2942.38,109974.29,740.47,0.0,309.8,0.0,460.09,1432.02,0.0,756089.04
2026-01-30,U003,2934.85,0.0,365.55,184.22,1431.99,0.0,0.0,1137.31,0.0,753154.19
2026-01-31,U003,2455.42,0.0,516.32,516.32,128.89,0.0,0.0,1810.21,0.0,750698.77
2026-02-01,U003,48403.99,0.0,131.63,131.63,458.16,0.0,46889.54,924.66,0.0,702294.78
2026-02-02,U003,3043.99,0.0,502.59,0.0,312.14,470.82,1758.44,0.0,0.0,699250.79
2026-02-03,U003,3502.6,68973.25,2171.03,0.0,702.56,0.0,460.27,168.74,0.0,764721.44
2026-02-04,U003,3375.59,90722.76,0.0,0.0,1150.47,0.0,2052.21,172.91,0.0,852068.61
2026-02-05,U003,4356.77,0.0,613.96,0.0,1312.87,0.0,1216.96,1212.98,0.0,847711.84
2026-02-06,U003,3597.27,65674.08,0.0,0.0,1008.48,355.83,590.04,1642.92,0.0,909788.65
2026-02-07,U003,181908.22,46939.07,203.77,0.0,0.0,0.0,458.82,181245.63,0.0,774819.5
2026-02-08,U003,3424.25,0.0,590.05,590.05,1576.51,0.0,357.45,900.24,0.0,771395.25
2026-02-09,U003,1738.53,0.0,0.0,0.0,96.05,136.87,1365.76,139.85,0.0,769656.72
2026-02-10,U003,61867.86,0.0,168.85,0.0,60151.56,0.0,562.27,985.18,0.0,707788.86
2026-02-11,U003,3129.37,0.0,779.81,0.0,761.33,122.55,622.94,842.74,0.0,704659.49
2026-02-12,U003,2324.94,0.0,544.92,184.18,79.71,0.0,665.89,1034.42,0.0,702334.55
2026-02-13,U003,1769.68,52673.68,68.33,0.0,0.0,0.0,1153.82,547.53,0.0,753238.55
2026-02-14,U003,2255.44,124108.78,514.17,0.0,700.0,0.0,0.0,1041.27,0.0,875091.89
2026-02-15,U003,2825.97,0.0,1249.77,0.0,1163.03,0.0,35.68,377.49,0.0,872265.92
2026-02-16,U003,2134.87,0.0,713.24,0.0,349.54,0.0,0.0,1072.09,0.0,870131.05
2026-02-17,U003,1497.75,0.0,897.45,0.0,0.0,521.77,0.0,78.53,0.0,868633.3
2026-02-18,U003,2457.85,0.0,1405.18,0.0,250.27,0.0,265.91,536.49,0.0,866175.45
2026-02-19,U003,3058.56,0.0,1339.01,0.0,246.1,0.0,1044.01,429.44,0.0,863116.89
2026-02-20,U003,62312.41,0.0,822.39,582.39,60000.0,0.0,450.26,1039.76,0.0,800804.48
2026-02-21,U003,3126.87,36880.67,213.23,0.0,0.0,0.0,624.63,2289.01,0.0,834558.28
2026-02-22,U003,2176.83,0.0,803.43,193.62,346.15,28.52,8.36,990.37,0.0,832381.45
2025-08-22,U004,1102.9,0.0,497.06,497.06,1.22,230.65,373.97,0.0,0.0,-1102.9
2025-08-23,U004,1515.78,0.0,1089.56,0.0,0.0,0.0,135.82,290.4,0.0,-2618.68
2025-08-24,U004,1207.03,0.0,201.68,201.68,50.37,0.0,798.0,156.98,0.0,-3825.71
2025-08-25,U004,828.54,0.0,686.38,686.38,0.0,0.0,0.0,142.16,0.0,-4654.25
2025-08-26,U004,1289.82,0.0,453.38,0.0,0.0,252.88,0.0,583.56,0.0,-5944.07
2025-08-27,U004,689.42,0.0,40.23,40.23,345.18,131.79,172.22,0.0,0.0,-6633.49
2025-08-28,U004,971.22,0.0,0.0,0.0,0.0,0.0,335.16,636.06,0.0,-7604.71
2025-08-29,U004,928.75,0.0,401.04,29.36,0.0,252.0,102.16,173.55,0.0,-8533.46
2025-08-30,U004,1148.92,0.0,142.54,0.0,0.0,538.16,0.0,468.22,0.0,-9682.38
2025-08-31,U004,1004.98,0.0,613.92,613.92,0.0,0.0,215.39,175.67,0.0,-10687.36
2025-09-01,U004,1125.98,0.0,0.0,0.0,0.0,0.0,1014.27,111.71,0.0,-11813.34
2025-09-02,U004,960.66,0.0,372.3,372.3,214.67,0.0,171.78,201.91,0.0,-12774.0
2025-09-03,U004,1110.37,0.0,383.36,0.0,0.0,235.11,0.0,491.9,0.0,-13884.37
2025-09-04,U004,1353.46,0.0,146.05,146.05,419.79,434.44,181.75,171.43,0.0,-15237.83
2025-09-05,U004,1231.7,15000.0,501.37,501.37,0.0,571.65,0.0,158.68,0.0,-1469.53
2025-09-06,U004,1394.82,0.0,123.5,0.0,0.0,47.41,571.02,652.89,0.0,-2864.35
2025-09-07,U004,1195.82,0.0,300.0,0.0,0.0,241.05,111.33,543.44,0.0,-4060.17
2025-09-08,U004,625.96,0.0,116.33,116.33,0.0,200.05,0.0,309.58,0.0,-4686.13
2025-09-09,U004,818.86,0.0,0.0,0.0,154.78,0.0,573.77,90.31,0.0,-5504.99
2025-09-10,U004,935.83,0.0,0.0,0.0,0.0,0.0,583.69,352.14,0.0,-6440.82
2025-09-11,U004,1017.39,0.0,26.45,0.0,0.0,0.0,153.6,837.34,0.0,-7458.21
2025-09-12,U004,604.78,0.0,0.0,0.0,240.66,149.68,104.53,109.91,0.0,-8062.99
2025-09-13,U004,1108.36,0.0,0.0,0.0,80.89,852.28,0.0,175.19,0.0,-9171.35
2025-09-14,U004,1607.35,0.0,132.67,132.67,0.0,436.91,295.22,742.55,0.0,-10778.7
2025-09-15,U004,1293.41,0.0,191.5,191.5,221.65,531.98,348.28,0.0,0.0,-12072.11
2025-09-16,U004,1407.34,0.0,522.47,0.0,0.0,341.63,366.52,176.72,0.0,-13479.45
2025-09-17,U004,703.49,0.0,0.0,0.0,319.48,0.0,0.0,384.01,0.0,-14182.94
2025-09-18,U004,764.24,0.0,191.77,191.77,0.0,354.33,218.14,0.0,0.0,-14947.18
2025-09-19,U004,835.48,0.0,115.26,115.26,0.0,625.79,94.43,0.0,0.0,-15782.66
2025-09-20,U004,1192.68,0.0,108.29,108.29,387.09,159.68,537.62,0.0,0.0,-16975.34
2025-09-21,U004,949.92,0.0,140.37,53.39,167.01,0.0,0.0,642.54,0.0,-17925.26
2025-09-22,U004,1219.26,0.0,273.7,0.0,161.27,141.25,0.0,643.04,0.0,-19144.52
2025-09-23,U004,1167.36,0.0,382.59,163.97,0.0,255.16,156.47,373.14,0.0,-20311.88
2025-09-24,U004,738.6,0.0,52.83,52.83,0.0,353.01,277.19,55.57,0.0,-21050.48
2025-09-25,U004,1468.93,0.0,272.0,272.0,46.79,0.0,924.82,225.32,0.0,-22519.41
2025-09-26,U004,1007.67,0.0,0.0,0.0,0.0,208.29,799.38,0.0,0.0,-23527.08
2025-09-27,U004,1697.41,0.0,583.13,0.0,0.0,448.81,81.92,583.55,0.0,-25224.49
2025-09-28,U004,920.27,0.0,134.61,105.13,210.19,205.19,370.28,0.0,0.0,-26144.76
2025-09-29,U004,1111.93,0.0,291.94,0.0,273.02,0.0,322.07,224.9,0.0,-27256.69
2025-09-30,U004,1021.59,0.0,195.35,73.69,0.0,397.22,0.0,429.02,0.0,-28278.28
2025-10-01,U004,1131.29,0.0,159.58,0.0,0.0,225.87,487.08,258.76,0.0,-29409.57
2025-10-02,U004,1037.82,0.0,402.24,0.0,0.0,0.0,307.26,328.32,0.0,-30447.39
2025-10-03,U004,1052.27,0.0,151.59,0.0,0.0,228.04,279.42,393.22,0.0,-31499.66
2025-10-04,U004,1140.02,0.0,107.95,107.95,295.28,727.89,0.0,8.9,0.0,-32639.68
2025-10-05,U004,860.88,15000.0,174.99,154.56,336.17,0.0,155.88,193.84,0.0,-18500.56
2025-10-06,U004,1171.99,0.0,528.17,200.89,0.0,146.63,439.7,57.49,0.0,-19672.55
2025-10-07,U004,1094.1,0.0,529.4,238.25,0.0,0.0,235.75,328.95,0.0,-20766.65
2025-10-08,U004,760.58,0.0,336.11,277.26,147.2,206.06,71.21,0.0,0.0,-21527.23
2025-10-09,U004,1276.18,0.0,261.32,149.31,0.0,410.01,352.58,252.27,0.0,-22803.41
2025-10-10,U004,1895.93,0.0,1124.26,65.0,0.0,0.0,546.43,225.24,0.0,-24699.34
2025-10-11,U004,1387.77,0.0,574.57,104.15,0.0,0.0,557.25,255.95,0.0,-26087.11
2025-10-12,U004,1066.1,0.0,28.78,0.0,3.97,155.84,223.34,654.17,0.0,-27153.21
2025-10-13,U004,977.88,0.0,744.19,273.55,78.94,0.0,0.0,154.75,0.0,-28131.09
2025-10-14,U004,1626.62,0.0,287.52,287.52,48.52,86.65,968.85,235.08,0.0,-29757.71
2025-10-15,U004,1670.35,0.0,197.47,107.7,0.0,559.18,175.2,738.5,0.0,-31428.06
2025-10-16,U004,1414.16,0.0,165.45,165.45,0.0,21.17,595.29,632.25,0.0,-32842.22
2025-10-17,U004,1099.98,0.0,0.0,0.0,0.0,481.21,614.27,4.5,0.0,-33942.2
2025-10-18,U004,1596.31,0.0,75.37,0.0,325.41,501.76,693.77,0.0,0.0,-35538.51
2025-10-19,U004,2215.81,0.0,1364.23,1148.27,0.0,0.0,617.48,234.1,0.0,-37754.32
2025-10-20,U004,2140.12,0.0,0.0,0.0,0.0,229.61,505.17,1405.34,0.0,-39894.44
2025-10-21,U004,1234.77,0.0,0.0,0.0,164.43,108.73,0.0,961.61,0.0,-41129.21
2025-10-22,U004,1240.75,0.0,636.32,0.0,0.0,433.58,0.0,170.85,0.0,-42369.96
2025-10-23,U004,855.31,0.0,0.0,0.0,168.95,349.05,337.31,0.0,0.0,-43225.27
2025-10-24,U004,1041.79,0.0,533.84,533.84,0.0,257.34,250.61,0.0,0.0,-44267.06
2025-10-25,U004,1401.44,0.0,53.9,16.27,128.33,0.0,1026.98,192.23,0.0,-45668.5
2025-10-26,U004,971.73,0.0,367.41,367.41,0.0,57.57,320.17,226.58,0.0,-46640.23
2025-10-27,U004,1522.91,0.0,255.13,136.91,0.0,975.14,276.64,16.0,0.0,-48163.14
2025-10-28,U004,997.69,0.0,115.4,0.0,168.13,144.09,237.74,332.33,0.0,-49160.83
2025-10-29,U004,766.16,0.0,162.93,0.0,0.0,34.32,499.71,69.2,0.0,-49926.99
2025-10-30,U004,842.79,0.0,246.2,246.2,0.0,171.5,425.09,0.0,0.0,-50769.78
2025-10-31,U004,1095.12,0.0,322.48,322.48,0.0,0.0,313.58,459.06,0.0,-51864.9
2025-11-01,U004,1053.12,0.0,197.87,197.87,92.84,121.9,74.23,566.28,0.0,-52918.02
2025-11-02,U004,868.8,0.0,188.86,40.63,0.0,0.0,246.15,433.79,0.0,-53786.82
2025-11-03,U004,1341.44,0.0,0.0,0.0,0.0,0.0,513.83,827.61,0.0,-55128.26
2025-11-04,U004,1266.3,0.0,0.0,0.0,0.0,414.1,460.29,391.91,0.0,-56394.56
2025-11-05,U004,986.97,15000.0,40.26,40.26,0.0,0.0,419.3,527.41,0.0,-42381.53
2025-11-06,U004,739.83,0.0,285.38,173.16,127.62,182.0,37.53,107.3,0.0,-43121.36
2025-11-07,U004,1140.07,0.0,0.0,0.0,184.59,0.0,953.11,2.37,0.0,-44261.43
2025-11-08,U004,1101.87,0.0,40.23,40.23,109.67,203.56,338.55,409.86,0.0,-45363.3
2025-11-09,U004,961.44,0.0,0.0,0.0,0.0,311.39,180.8,469.25,0.0,-46324.74
2025-11-10,U004,1035.28,0.0,658.99,396.78,0.0,193.05,183.24,0.0,0.0,-47360.02
2025-11-11,U004,1166.86,0.0,352.93,352.93,121.15,100.0,0.0,592.78,0.0,-48526.88
2025-11-12,U004,1146.13,0.0,251.77,251.77,0.0,230.81,198.74,464.81,0.0,-49673.01
2025-11-13,U004,943.93,0.0,0.0,0.0,0.0,83.85,608.9,251.18,0.0,-50616.94
2025-11-14,U004,817.93,0.0,542.45,0.0,161.37,0.0,114.11,0.0,0.0,-51434.87
2025-11-15,U004,1568.28,0.0,408.51,0.0,437.84,297.76,424.17,0.0,0.0,-53003.15
2025-11-16,U004,814.52,0.0,97.85,97.85,159.86,0.0,176.01,380.8,0.0,-53817.67
2025-11-17,U004,926.78,0.0,248.98,248.98,117.68,522.77,0.0,37.35,0.0,-54744.45
2025-11-18,U004,1271.17,0.0,468.29,258.68,0.0,208.1,387.59,207.19,0.0,-56015.62
2025-11-19,U004,1258.21,0.0,0.0,0.0,277.91,463.3,126.92,390.08,0.0,-57273.83
2025-11-20,U004,1344.42,0.0,71.05,71.05,0.0,211.17,625.26,436.94,0.0,-58618.25
2025-11-21,U004,861.36,0.0,403.02,0.0,0.0,182.0,67.23,209.11,0.0,-59479.61
2025-11-22,U004,772.67,0.0,226.52,0.0,0.0,0.0,298.15,248.0,0.0,-60252.28
2025-11-23,U004,1385.67,0.0,1156.14,846.83,0.0,34.75,194.78,0.0,0.0,-61637.95
2025-11-24,U004,1576.41,0.0,220.84,0.0,529.3,331.12,0.0,495.15,0.0,-63214.36
2025-11-25,U004,1404.21,0.0,444.07,405.62,0.0,585.32,259.59,115.23,0.0,-64618.57
2025-11-26,U004,1625.93,0.0,298.39,298.39,430.34,897.2,0.0,0.0,0.0,-66244.5
2025-11-27,U004,2939.26,0.0,772.95,383.49,0.0,16.82,0.0,2149.49,0.0,-69183.76
2025-11-28,U004,1507.6,0.0,88.27,88.27,465.72,256.79,362.89,333.93,0.0,-70691.36
2025-11-29,U004,1553.27,0.0,0.0,0.0,454.65,0.0,995.56,103.06,0.0,-72244.63
2025-11-30,U004,995.2,0.0,731.85,572.56,0.0,0.0,54.98,208.37,0.0,-73239.83
2025-12-01,U004,1215.77,0.0,0.0,0.0,0.0,509.36,0.0,706.41,0.0,-74455.6
2025-12-02,U004,1569.96,0.0,708.7,52.95,0.0,475.53,301.91,83.82,0.0,-76025.56
2025-12-03,U004,1173.09,0.0,126.61,0.0,276.65,0.0,0.0,769.83,0.0,-77198.65
2025-12-04,U004,864.96,0.0,358.6,358.6,0.0,0.0,107.36,399.0,0.0,-78063.61
2025-12-05,U004,799.36,15000.0,448.59,448.59,0.0,215.42,135.35,0.0,0.0,-63862.97
2025-12-06,U004,1309.93,0.0,284.77,284.77,0.0,0.0,570.04,455.12,0.0,-65172.9
2025-12-07,U004,932.48,0.0,171.71,21.71,0.0,0.0,338.77,422.0,0.0,-66105.38
2025-12-08,U004,1148.72,0.0,721.32,147.77,0.0,250.77,12.37,164.26,0.0,-67254.1
2025-12-09,U004,1493.07,0.0,697.42,405.61,180.1,149.03,0.0,466.52,0.0,-68747.17
2025-12-10,U004,918.12,0.0,0.0,0.0,0.0,368.87,303.83,245.42,0.0,-69665.29
2025-12-11,U004,896.98,0.0,0.0,0.0,0.0,369.22,375.64,152.12,0.0,-70562.27
2025-12-12,U004,1212.21,0.0,361.59,98.42,207.39,132.3,455.28,55.65,0.0,-71774.48
2025-12-13,U004,1277.19,0.0,385.71,249.38,0.0,529.98,99.94,261.56,0.0,-73051.67
2025-12-14,U004,801.85,0.0,721.19,0.0,0.0,1.25,79.41,0.0,0.0,-73853.52
2025-12-15,U004,773.6,0.0,200.55,200.55,2.55,187.92,284.47,98.11,0.0,-74627.12
2025-12-16,U004,1222.98,0.0,599.57,599.57,0.0,290.09,0.0,333.32,0.0,-75850.1
2025-12-17,U004,1293.7,0.0,481.88,481.88,448.7,0.0,276.45,86.67,0.0,-77143.8
2025-12-18,U004,1319.97,0.0,360.97,43.67,0.0,0.0,255.8,703.2,0.0,-78463.77
2025-12-19,U004,1172.67,0.0,63.36,0.0,0.0,393.52,477.25,238.54,0.0,-79636.44
2025-12-20,U004,1350.17,0.0,0.0,0.0,0.0,184.73,861.18,304.26,0.0,-80986.61
2025-12-21,U004,1177.99,0.0,510.15,108.32,0.0,588.92,78.92,0.0,0.0,-82164.6
2025-12-22,U004,758.53,0.0,279.1,279.1,0.0,377.26,102.17,0.0,0.0,-82923.13
2025-12-23,U004,937.69,0.0,77.69,0.0,193.15,0.0,218.65,448.2,0.0,-83860.82
2025-12-24,U004,898.56,0.0,469.28,295.71,0.0,356.49,0.0,72.79,0.0,-84759.38
2025-12-25,U004,427.07,0.0,31.61,0.0,80.08,157.24,158.14,0.0,0.0,-85186.45
2025-12-26,U004,868.71,0.0,409.78,169.57,0.0,0.0,328.56,130.37,0.0,-86055.16
2025-12-27,U004,1138.91,0.0,300.0,300.0,210.14,0.0,628.77,0.0,0.0,-87194.07
2025-12-28,U004,1080.85,0.0,132.71,132.71,61.35,0.0,789.57,97.22,0.0,-88274.92
2025-12-29,U004,1619.98,0.0,350.94,350.94,0.0,992.52,0.0,276.52,0.0,-89894.9
2025-12-30,U004,987.0,0.0,67.04,67.04,0.0,425.47,78.3,416.19,0.0,-90881.9
2025-12-31,U004,1254.25,0.0,0.0,0.0,0.0,452.23,52.82,749.2,0.0,-92136.15
2026-01-01,U004,1368.04,0.0,1158.39,152.46,133.7,0.0,0.0,75.95,0.0,-93504.19
2026-01-02,U004,948.26,0.0,0.0,0.0,38.53,0.0,825.52,84.21,0.0,-94452.45
2026-01-03,U004,939.31,0.0,0.0,0.0,0.0,531.81,32.32,375.18,0.0,-95391.76
2026-01-04,U004,1267.16,0.0,278.15,0.0,92.32,0.0,142.0,754.69,0.0,-96658.92
2026-01-05,U004,1090.41,15000.0,176.74,0.0,0.0,64.03,361.2,488.44,0.0,-82749.33
2026-01-06,U004,1248.05,0.0,677.16,677.16,0.0,0.0,0.0,570.89,0.0,-83997.38
2026-01-07,U004,885.96,0.0,0.0,0.0,0.0,0.0,561.33,324.63,0.0,-84883.34
2026-01-08,U004,1056.5,0.0,0.0,0.0,0.0,651.8,233.39,171.31,0.0,-85939.84
2026-01-09,U004,1397.81,0.0,486.03,0.0,259.2,448.1,0.0,204.48,0.0,-87337.65
2026-01-10,U004,1364.01,0.0,127.71,127.71,0.0,212.87,100.72,922.71,0.0,-88701.66
2026-01-11,U004,1225.57,0.0,910.56,512.77,185.13,0.0,129.88,0.0,0.0,-89927.23
2026-01-12,U004,1112.07,0.0,502.91,502.91,179.24,108.82,117.92,203.18,0.0,-91039.3
2026-01-13,U004,821.82,0.0,105.31,105.31,0.0,330.51,247.27,138.73,0.0,-91861.12
2026-01-14,U004,948.44,0.0,163.26,163.26,0.0,0.0,220.19,564.99,0.0,-92809.56
2026-01-15,U004,1441.99,0.0,258.22,258.22,0.0,0.0,386.94,796.83,0.0,-94251.55
2026-01-16,U004,1614.9,0.0,556.43,242.33,0.0,172.5,646.81,239.16,0.0,-95866.45
2026-01-17,U004,1145.7,0.0,144.22,0.0,4.88,287.56,210.76,498.28,0.0,-97012.15
2026-01-18,U004,1134.59,0.0,474.85,236.71,0.0,0.0,422.91,236.83,0.0,-98146.74
2026-01-19,U004,851.52,0.0,248.89,0.0,0.0,103.77,120.83,378.03,0.0,-98998.26
2026-01-20,U004,1434.69,0.0,592.22,0.0,156.14,481.53,204.8,0.0,0.0,-100432.95
2026-01-21,U004,3221.26,0.0,2618.75,0.0,145.54,15.89,441.08,0.0,0.0,-103654.21
2026-01-22,U004,1785.89,0.0,222.37,0.0,533.92,571.92,193.64,264.04,0.0,-105440.1
2026-01-23,U004,1324.37,0.0,625.31,229.08,0.0,247.17,124.16,327.73,0.0,-106764.47
2026-01-24,U004,1211.17,0.0,141.41,34.52,0.0,118.58,720.54,230.64,0.0,-107975.64
2026-01-25,U004,2152.7,0.0,362.22,0.0,0.0,764.93,126.87,898.68,0.0,-110128.34
2026-01-26,U004,1204.14,0.0,0.0,0.0,252.53,0.0,0.0,951.61,0.0,-111332.48
2026-01-27,U004,1306.31,0.0,353.3,0.0,0.0,64.77,285.89,602.35,0.0,-112638.79
2026-01-28,U004,1223.79,0.0,771.8,448.66,260.48,0.0,76.66,114.85,0.0,-113862.58
2026-01-29,U004,750.94,0.0,0.0,0.0,0.0,578.86,0.0,172.08,0.0,-114613.52
2026-01-30,U004,1619.3,0.0,0.0,0.0,0.0,281.96,868.96,468.38,0.0,-116232.82
2026-01-31,U004,1179.19,0.0,469.16,340.58,0.0,0.0,471.7,238.33,0.0,-117412.01
2026-02-01,U004,1714.36,0.0,411.73,228.46,521.53,0.0,781.1,0.0,0.0,-119126.37
2026-02-02,U004,1608.23,0.0,359.75,0.0,296.77,464.39,245.7,241.62,0.0,-120734.6
2026-02-03,U004,879.34,0.0,117.12,0.0,0.0,210.41,551.81,0.0,0.0,-121613.94
2026-02-04,U004,1475.69,0.0,393.53,393.53,0.0,339.3,705.1,37.76,0.0,-123089.63
2026-02-05,U004,1116.68,15000.0,0.0,0.0,0.0,457.78,172.84,486.06,0.0,-109206.31
2026-02-06,U004,772.95,0.0,154.36,133.28,0.0,487.75,130.84,0.0,0.0,-109979.26
2026-02-07,U004,3389.98,0.0,308.78,150.72,0.0,2461.88,619.32,0.0,0.0,-113369.24
2026-02-08,U004,1976.3,0.0,383.43,383.43,102.95,350.0,688.99,450.93,0.0,-115345.54
2026-02-09,U004,1180.91,0.0,176.96,176.96,0.0,191.89,0.0,812.06,0.0,-116526.45
2026-02-10,U004,1224.86,0.0,529.44,529.44,0.0,23.78,109.41,562.23,0.0,-117751.31
2026-02-11,U004,1469.62,0.0,682.91,575.98,0.0,298.65,0.0,488.06,0.0,-119220.93
2026-02-12,U004,650.01,0.0,0.0,0.0,0.0,239.75,0.0,410.26,0.0,-119870.94
2026-02-13,U004,594.2,0.0,454.46,454.46,80.56,0.0,0.0,59.18,0.0,-120465.14
2026-02-14,U004,841.99,0.0,117.62,117.62,0.0,534.76,189.61,0.0,0.0,-121307.13
2026-02-15,U004,1205.45,0.0,300.61,289.9,0.0,0.0,616.34,288.5,0.0,-122512.58
2026-02-16,U004,1192.56,0.0,555.83,246.69,0.0,98.55,538.18,0.0,0.0,-123705.14
2026-02-17,U004,595.56,0.0,0.0,0.0,0.0,0.0,546.11,49.45,0.0,-124300.7
2026-02-18,U004,1463.91,0.0,610.46,451.18,0.0,0.0,650.34,203.11,0.0,-125764.61
2026-02-19,U004,1285.33,0.0,317.7,78.12,0.0,175.68,0.0,791.95,0.0,-127049.94
2026-02-20,U004,1229.03,0.0,588.85,310.38,0.0,85.73,265.79,288.66,0.0,-128278.97
2026-02-21,U004,1156.26,0.0,386.63,0.0,0.0,451.65,200.34,117.64,0.0,-129435.23
2026-02-22,U004,1330.06,0.0,0.0,0.0,0.0,729.84,174.58,425.64,0.0,-130765.29
